1,Player_1,Goalkeeper,Nation_1,2
2,Player_2,Midfielder,Nation_2,27
3,Player_3,Forward,Nation_3,37
4,Player_4,Forward,Nation_4,23
5,Player_5,Forward,Nation_5,19
6,Player_6,Defender,Nation_6,40
7,Player_7,Midfielder,Nation_7,26
8,Player_8,Forward,Nation_8,24
9,Player_9,Defender,Nation_9,15
10,Player_10,Goalkeeper,Nation_10,22
11,Player_11,Defender,Nation_11,3
12,Player_12,Goalkeeper,Nation_12,14
13,Player_13,Forward,Nation_13,15
14,Player_14,Defender,Nation_14,25
15,Player_15,Forward,Nation_15,24
16,Player_16,Midfielder,Nation_16,50
17,Player_17,Midfielder,Nation_17,30
18,Player_18,Forward,Nation_18,25
19,Player_19,Forward,Nation_19,38
20,Player_20,Forward,Nation_20,13
21,Player_21,Goalkeeper,Nation_21,17
22,Player_22,Defender,Nation_22,21
23,Player_23,Defender,Nation_23,28
24,Player_24,Midfielder,Nation_24,14
25,Player_25,Forward,Nation_25,25
26,Player_26,Defender,Nation_26,46
27,Player_27,Goalkeeper,Nation_27,16
28,Player_28,Forward,Nation_28,46
29,Player_29,Forward,Nation_29,31
30,Player_30,Defender,Nation_30,43
31,Player_31,Goalkeeper,Nation_31,26
32,Player_32,Goalkeeper,Nation_32,34
33,Player_33,Forward,Nation_33,47
34,Player_34,Goalkeeper,Nation_34,14
35,Player_35,Defender,Nation_35,33
36,Player_36,Defender,Nation_36,5
37,Player_37,Goalkeeper,Nation_37,39
38,Player_38,Midfielder,Nation_38,41
39,Player_39,Goalkeeper,Nation_39,17
40,Player_40,Goalkeeper,Nation_40,49
41,Player_41,Defender,Nation_41,26
42,Player_42,Midfielder,Nation_42,12
43,Player_43,Goalkeeper,Nation_43,21
44,Player_44,Forward,Nation_44,35
45,Player_45,Midfielder,Nation_45,1
46,Player_46,Defender,Nation_46,5
47,Player_47,Defender,Nation_47,42
48,Player_48,Forward,Nation_48,22
49,Player_49,Goalkeeper,Nation_49,38
50,Player_50,Goalkeeper,Nation_50,40
51,Player_51,Defender,Nation_51,20
52,Player_52,Defender,Nation_52,23
53,Player_53,Forward,Nation_53,30
54,Player_54,Goalkeeper,Nation_54,35
55,Player_55,Forward,Nation_55,12
56,Player_56,Defender,Nation_56,25
57,Player_57,Forward,Nation_57,43
58,Player_58,Goalkeeper,Nation_58,38
59,Player_59,Midfielder,Nation_59,50
60,Player_60,Defender,Nation_60,42
61,Player_61,Midfielder,Nation_61,12
62,Player_62,Goalkeeper,Nation_62,35
63,Player_63,Defender,Nation_63,48
64,Player_64,Forward,Nation_64,46
65,Player_65,Forward,Nation_65,42
66,Player_66,Midfielder,Nation_66,11
67,Player_67,Forward,Nation_67,7
68,Player_68,Midfielder,Nation_68,44
69,Player_69,Forward,Nation_69,27
70,Player_70,Midfielder,Nation_70,11
71,Player_71,Forward,Nation_71,45
72,Player_72,Defender,Nation_72,45
73,Player_73,Forward,Nation_73,30
74,Player_74,Midfielder,Nation_74,45
75,Player_75,Defender,Nation_75,44
76,Player_76,Defender,Nation_76,43
77,Player_77,Goalkeeper,Nation_77,20
78,Player_78,Midfielder,Nation_78,5
79,Player_79,Defender,Nation_79,46
80,Player_80,Defender,Nation_80,43
81,Player_81,Forward,Nation_81,1
82,Player_82,Forward,Nation_82,24
83,Player_83,Goalkeeper,Nation_83,45
84,Player_84,Goalkeeper,Nation_84,3
85,Player_85,Defender,Nation_85,15
86,Player_86,Forward,Nation_86,2
87,Player_87,Defender,Nation_87,10
88,Player_88,Midfielder,Nation_88,5
89,Player_89,Defender,Nation_89,24
90,Player_90,Forward,Nation_90,8
91,Player_91,Forward,Nation_91,9
92,Player_92,Forward,Nation_92,12
93,Player_93,Defender,Nation_93,46
94,Player_94,Midfielder,Nation_94,1
95,Player_95,Defender,Nation_95,49
96,Player_96,Defender,Nation_96,12
97,Player_97,Midfielder,Nation_97,46
98,Player_98,Forward,Nation_98,36
99,Player_99,Midfielder,Nation_99,15
100,Player_100,Goalkeeper,Nation_100,23
101,Player_101,Forward,Nation_101,22
102,Player_102,Forward,Nation_102,10
103,Player_103,Defender,Nation_103,3
104,Player_104,Forward,Nation_104,20
105,Player_105,Goalkeeper,Nation_105,37
106,Player_106,Defender,Nation_106,39
107,Player_107,Midfielder,Nation_107,34
108,Player_108,Forward,Nation_108,46
109,Player_109,Goalkeeper,Nation_109,17
110,Player_110,Defender,Nation_110,29
111,Player_111,Midfielder,Nation_111,38
112,Player_112,Midfielder,Nation_112,1
113,Player_113,Forward,Nation_113,19
114,Player_114,Defender,Nation_114,10
115,Player_115,Forward,Nation_115,45
116,Player_116,Midfielder,Nation_116,31
117,Player_117,Forward,Nation_117,42
118,Player_118,Forward,Nation_118,33
119,Player_119,Midfielder,Nation_119,33
120,Player_120,Forward,Nation_120,34
121,Player_121,Goalkeeper,Nation_121,43
122,Player_122,Goalkeeper,Nation_122,2
123,Player_123,Defender,Nation_123,9
124,Player_124,Defender,Nation_124,47
125,Player_125,Defender,Nation_125,35
126,Player_126,Midfielder,Nation_126,15
127,Player_127,Goalkeeper,Nation_127,16
128,Player_128,Forward,Nation_128,35
129,Player_129,Defender,Nation_129,44
130,Player_130,Midfielder,Nation_130,46
131,Player_131,Forward,Nation_131,20
132,Player_132,Defender,Nation_132,7
133,Player_133,Forward,Nation_133,44
134,Player_134,Midfielder,Nation_134,13
135,Player_135,Midfielder,Nation_135,24
136,Player_136,Goalkeeper,Nation_136,13
137,Player_137,Forward,Nation_137,36
138,Player_138,Midfielder,Nation_138,19
139,Player_139,Defender,Nation_139,39
140,Player_140,Defender,Nation_140,12
141,Player_141,Goalkeeper,Nation_141,20
142,Player_142,Midfielder,Nation_142,28
143,Player_143,Midfielder,Nation_143,12
144,Player_144,Midfielder,Nation_144,22
145,Player_145,Midfielder,Nation_145,48
146,Player_146,Defender,Nation_146,50
147,Player_147,Forward,Nation_147,31
148,Player_148,Defender,Nation_148,46
149,Player_149,Goalkeeper,Nation_149,12
150,Player_150,Forward,Nation_150,32
151,Player_151,Defender,Nation_151,28
152,Player_152,Midfielder,Nation_152,2
153,Player_153,Midfielder,Nation_153,14
154,Player_154,Goalkeeper,Nation_154,23
155,Player_155,Forward,Nation_155,16
156,Player_156,Defender,Nation_156,45
157,Player_157,Forward,Nation_157,10
158,Player_158,Forward,Nation_158,22
159,Player_159,Defender,Nation_159,42
160,Player_160,Goalkeeper,Nation_160,10
161,Player_161,Defender,Nation_161,29
162,Player_162,Forward,Nation_162,23
163,Player_163,Defender,Nation_163,30
164,Player_164,Defender,Nation_164,49
165,Player_165,Goalkeeper,Nation_165,13
166,Player_166,Midfielder,Nation_166,12
167,Player_167,Defender,Nation_167,37
168,Player_168,Midfielder,Nation_168,18
169,Player_169,Goalkeeper,Nation_169,4
170,Player_170,Midfielder,Nation_170,4
171,Player_171,Defender,Nation_171,45
172,Player_172,Midfielder,Nation_172,22
173,Player_173,Forward,Nation_173,8
174,Player_174,Goalkeeper,Nation_174,14
175,Player_175,Midfielder,Nation_175,40
176,Player_176,Midfielder,Nation_176,23
177,Player_177,Defender,Nation_177,32
178,Player_178,Goalkeeper,Nation_178,23
179,Player_179,Forward,Nation_179,47
180,Player_180,Defender,Nation_180,32
181,Player_181,Defender,Nation_181,14
182,Player_182,Forward,Nation_182,38
183,Player_183,Forward,Nation_183,44
184,Player_184,Goalkeeper,Nation_184,20
185,Player_185,Defender,Nation_185,49
186,Player_186,Midfielder,Nation_186,45
187,Player_187,Defender,Nation_187,30
188,Player_188,Midfielder,Nation_188,29
189,Player_189,Goalkeeper,Nation_189,6
190,Player_190,Forward,Nation_190,32
191,Player_191,Goalkeeper,Nation_191,30
192,Player_192,Goalkeeper,Nation_192,42
193,Player_193,Forward,Nation_193,37
194,Player_194,Goalkeeper,Nation_194,25
195,Player_195,Midfielder,Nation_195,25
196,Player_196,Forward,Nation_196,34
197,Player_197,Forward,Nation_197,26
198,Player_198,Defender,Nation_198,15
199,Player_199,Midfielder,Nation_199,44
200,Player_200,Forward,Nation_200,26
201,Player_201,Forward,Nation_201,43
202,Player_202,Forward,Nation_202,49
203,Player_203,Forward,Nation_203,20
204,Player_204,Forward,Nation_204,30
205,Player_205,Goalkeeper,Nation_205,6
206,Player_206,Forward,Nation_206,29
207,Player_207,Midfielder,Nation_207,43
208,Player_208,Forward,Nation_208,23
209,Player_209,Goalkeeper,Nation_209,23
210,Player_210,Goalkeeper,Nation_210,48
211,Player_211,Midfielder,Nation_211,36
212,Player_212,Forward,Nation_212,49
213,Player_213,Goalkeeper,Nation_213,42
214,Player_214,Forward,Nation_214,5
215,Player_215,Forward,Nation_215,30
216,Player_216,Defender,Nation_216,31
217,Player_217,Goalkeeper,Nation_217,31
218,Player_218,Defender,Nation_218,40
219,Player_219,Goalkeeper,Nation_219,35
220,Player_220,Goalkeeper,Nation_220,48
221,Player_221,Goalkeeper,Nation_221,45
222,Player_222,Goalkeeper,Nation_222,39
223,Player_223,Defender,Nation_223,31
224,Player_224,Goalkeeper,Nation_224,20
225,Player_225,Goalkeeper,Nation_225,34
226,Player_226,Goalkeeper,Nation_226,50
227,Player_227,Midfielder,Nation_227,34
228,Player_228,Midfielder,Nation_228,1
229,Player_229,Midfielder,Nation_229,12
230,Player_230,Defender,Nation_230,30
231,Player_231,Goalkeeper,Nation_231,47
232,Player_232,Midfielder,Nation_232,22
233,Player_233,Forward,Nation_233,24
234,Player_234,Goalkeeper,Nation_234,11
235,Player_235,Forward,Nation_235,13
236,Player_236,Forward,Nation_236,4
237,Player_237,Forward,Nation_237,41
238,Player_238,Forward,Nation_238,10
239,Player_239,Midfielder,Nation_239,13
240,Player_240,Defender,Nation_240,20
241,Player_241,Forward,Nation_241,41
242,Player_242,Midfielder,Nation_242,30
243,Player_243,Midfielder,Nation_243,25
244,Player_244,Defender,Nation_244,2
245,Player_245,Goalkeeper,Nation_245,48
246,Player_246,Goalkeeper,Nation_246,18
247,Player_247,Forward,Nation_247,28
248,Player_248,Midfielder,Nation_248,21
249,Player_249,Defender,Nation_249,7
250,Player_250,Defender,Nation_250,42
251,Player_251,Forward,Nation_251,32
252,Player_252,Goalkeeper,Nation_252,35
253,Player_253,Defender,Nation_253,32
254,Player_254,Forward,Nation_254,47
255,Player_255,Defender,Nation_255,18
256,Player_256,Midfielder,Nation_256,21
257,Player_257,Forward,Nation_257,39
258,Player_258,Goalkeeper,Nation_258,9
259,Player_259,Midfielder,Nation_259,46
260,Player_260,Midfielder,Nation_260,1
261,Player_261,Midfielder,Nation_261,32
262,Player_262,Goalkeeper,Nation_262,30
263,Player_263,Midfielder,Nation_263,17
264,Player_264,Midfielder,Nation_264,47
265,Player_265,Midfielder,Nation_265,32
266,Player_266,Midfielder,Nation_266,42
267,Player_267,Midfielder,Nation_267,10
268,Player_268,Goalkeeper,Nation_268,10
269,Player_269,Forward,Nation_269,14
270,Player_270,Midfielder,Nation_270,6
271,Player_271,Midfielder,Nation_271,49
272,Player_272,Midfielder,Nation_272,4
273,Player_273,Midfielder,Nation_273,45
274,Player_274,Defender,Nation_274,21
275,Player_275,Forward,Nation_275,5
276,Player_276,Goalkeeper,Nation_276,11
277,Player_277,Forward,Nation_277,32
278,Player_278,Forward,Nation_278,46
279,Player_279,Defender,Nation_279,32
280,Player_280,Goalkeeper,Nation_280,25
281,Player_281,Forward,Nation_281,13
282,Player_282,Goalkeeper,Nation_282,18
283,Player_283,Goalkeeper,Nation_283,46
284,Player_284,Defender,Nation_284,8
285,Player_285,Midfielder,Nation_285,6
286,Player_286,Midfielder,Nation_286,28
287,Player_287,Goalkeeper,Nation_287,45
288,Player_288,Midfielder,Nation_288,45
289,Player_289,Forward,Nation_289,18
290,Player_290,Midfielder,Nation_290,3
291,Player_291,Forward,Nation_291,12
292,Player_292,Midfielder,Nation_292,1
293,Player_293,Goalkeeper,Nation_293,50
294,Player_294,Goalkeeper,Nation_294,47
295,Player_295,Forward,Nation_295,5
296,Player_296,Defender,Nation_296,33
297,Player_297,Midfielder,Nation_297,23
298,Player_298,Defender,Nation_298,18
299,Player_299,Goalkeeper,Nation_299,22
300,Player_300,Defender,Nation_300,1
301,Player_301,Forward,Nation_301,21
302,Player_302,Midfielder,Nation_302,36
303,Player_303,Goalkeeper,Nation_303,28
304,Player_304,Midfielder,Nation_304,28
305,Player_305,Midfielder,Nation_305,46
306,Player_306,Defender,Nation_306,34
307,Player_307,Goalkeeper,Nation_307,50
308,Player_308,Goalkeeper,Nation_308,12
309,Player_309,Defender,Nation_309,32
310,Player_310,Goalkeeper,Nation_310,31
311,Player_311,Goalkeeper,Nation_311,45
312,Player_312,Goalkeeper,Nation_312,22
313,Player_313,Goalkeeper,Nation_313,8
314,Player_314,Goalkeeper,Nation_314,45
315,Player_315,Forward,Nation_315,5
316,Player_316,Defender,Nation_316,15
317,Player_317,Forward,Nation_317,11
318,Player_318,Forward,Nation_318,9
319,Player_319,Defender,Nation_319,23
320,Player_320,Goalkeeper,Nation_320,46
321,Player_321,Goalkeeper,Nation_321,43
322,Player_322,Defender,Nation_322,19
323,Player_323,Forward,Nation_323,36
324,Player_324,Midfielder,Nation_324,14
325,Player_325,Midfielder,Nation_325,8
326,Player_326,Goalkeeper,Nation_326,13
327,Player_327,Midfielder,Nation_327,4
328,Player_328,Goalkeeper,Nation_328,9
329,Player_329,Midfielder,Nation_329,19
330,Player_330,Midfielder,Nation_330,29
331,Player_331,Defender,Nation_331,23
332,Player_332,Midfielder,Nation_332,49
333,Player_333,Midfielder,Nation_333,50
334,Player_334,Goalkeeper,Nation_334,19
335,Player_335,Forward,Nation_335,4
336,Player_336,Forward,Nation_336,44
337,Player_337,Forward,Nation_337,28
338,Player_338,Defender,Nation_338,4
339,Player_339,Midfielder,Nation_339,49
340,Player_340,Forward,Nation_340,44
341,Player_341,Midfielder,Nation_341,9
342,Player_342,Goalkeeper,Nation_342,31
343,Player_343,Defender,Nation_343,7
344,Player_344,Defender,Nation_344,12
345,Player_345,Defender,Nation_345,41
346,Player_346,Forward,Nation_346,44
347,Player_347,Midfielder,Nation_347,25
348,Player_348,Forward,Nation_348,48
349,Player_349,Goalkeeper,Nation_349,36
350,Player_350,Forward,Nation_350,38
351,Player_351,Goalkeeper,Nation_351,1
352,Player_352,Forward,Nation_352,43
353,Player_353,Midfielder,Nation_353,48
354,Player_354,Goalkeeper,Nation_354,8
355,Player_355,Midfielder,Nation_355,29
356,Player_356,Midfielder,Nation_356,44
357,Player_357,Midfielder,Nation_357,14
358,Player_358,Defender,Nation_358,10
359,Player_359,Forward,Nation_359,48
360,Player_360,Goalkeeper,Nation_360,7
361,Player_361,Defender,Nation_361,7
362,Player_362,Defender,Nation_362,38
363,Player_363,Midfielder,Nation_363,26
364,Player_364,Forward,Nation_364,29
365,Player_365,Goalkeeper,Nation_365,12
366,Player_366,Forward,Nation_366,50
367,Player_367,Forward,Nation_367,19
368,Player_368,Defender,Nation_368,46
369,Player_369,Goalkeeper,Nation_369,27
370,Player_370,Goalkeeper,Nation_370,5
371,Player_371,Defender,Nation_371,7
372,Player_372,Defender,Nation_372,46
373,Player_373,Forward,Nation_373,48
374,Player_374,Defender,Nation_374,21
375,Player_375,Defender,Nation_375,13
376,Player_376,Goalkeeper,Nation_376,23
377,Player_377,Forward,Nation_377,39
378,Player_378,Midfielder,Nation_378,36
379,Player_379,Goalkeeper,Nation_379,30
380,Player_380,Goalkeeper,Nation_380,36
381,Player_381,Defender,Nation_381,45
382,Player_382,Forward,Nation_382,27
383,Player_383,Goalkeeper,Nation_383,6
384,Player_384,Defender,Nation_384,21
385,Player_385,Midfielder,Nation_385,29
386,Player_386,Midfielder,Nation_386,11
387,Player_387,Goalkeeper,Nation_387,34
388,Player_388,Goalkeeper,Nation_388,24
389,Player_389,Goalkeeper,Nation_389,13
390,Player_390,Goalkeeper,Nation_390,45
391,Player_391,Midfielder,Nation_391,42
392,Player_392,Midfielder,Nation_392,5
393,Player_393,Defender,Nation_393,30
394,Player_394,Defender,Nation_394,29
395,Player_395,Forward,Nation_395,16
396,Player_396,Goalkeeper,Nation_396,50
397,Player_397,Forward,Nation_397,3
398,Player_398,Goalkeeper,Nation_398,41
399,Player_399,Defender,Nation_399,35
400,Player_400,Defender,Nation_400,7
401,Player_401,Goalkeeper,Nation_401,10
402,Player_402,Defender,Nation_402,42
403,Player_403,Goalkeeper,Nation_403,19
404,Player_404,Goalkeeper,Nation_404,40
405,Player_405,Forward,Nation_405,22
406,Player_406,Midfielder,Nation_406,10
407,Player_407,Defender,Nation_407,11
408,Player_408,Defender,Nation_408,46
409,Player_409,Forward,Nation_409,33
410,Player_410,Goalkeeper,Nation_410,37
411,Player_411,Midfielder,Nation_411,11
412,Player_412,Defender,Nation_412,37
413,Player_413,Goalkeeper,Nation_413,48
414,Player_414,Midfielder,Nation_414,14
415,Player_415,Forward,Nation_415,28
416,Player_416,Defender,Nation_416,38
417,Player_417,Defender,Nation_417,21
418,Player_418,Goalkeeper,Nation_418,28
419,Player_419,Goalkeeper,Nation_419,44
420,Player_420,Goalkeeper,Nation_420,33
421,Player_421,Defender,Nation_421,1
422,Player_422,Forward,Nation_422,12
423,Player_423,Defender,Nation_423,13
424,Player_424,Defender,Nation_424,41
425,Player_425,Midfielder,Nation_425,48
426,Player_426,Goalkeeper,Nation_426,50
427,Player_427,Goalkeeper,Nation_427,38
428,Player_428,Defender,Nation_428,12
429,Player_429,Goalkeeper,Nation_429,19
430,Player_430,Goalkeeper,Nation_430,10
431,Player_431,Goalkeeper,Nation_431,27
432,Player_432,Forward,Nation_432,31
433,Player_433,Defender,Nation_433,28
434,Player_434,Goalkeeper,Nation_434,21
435,Player_435,Goalkeeper,Nation_435,4
436,Player_436,Goalkeeper,Nation_436,40
437,Player_437,Midfielder,Nation_437,23
438,Player_438,Midfielder,Nation_438,17
439,Player_439,Midfielder,Nation_439,10
440,Player_440,Forward,Nation_440,42
441,Player_441,Midfielder,Nation_441,38
442,Player_442,Forward,Nation_442,20
443,Player_443,Defender,Nation_443,39
444,Player_444,Defender,Nation_444,16
445,Player_445,Goalkeeper,Nation_445,17
446,Player_446,Midfielder,Nation_446,26
447,Player_447,Forward,Nation_447,11
448,Player_448,Defender,Nation_448,1
449,Player_449,Forward,Nation_449,37
450,Player_450,Forward,Nation_450,19
451,Player_451,Defender,Nation_451,13
452,Player_452,Forward,Nation_452,13
453,Player_453,Forward,Nation_453,40
454,Player_454,Forward,Nation_454,10
455,Player_455,Defender,Nation_455,25
456,Player_456,Defender,Nation_456,5
457,Player_457,Midfielder,Nation_457,19
458,Player_458,Forward,Nation_458,6
459,Player_459,Midfielder,Nation_459,19
460,Player_460,Forward,Nation_460,10
461,Player_461,Midfielder,Nation_461,24
462,Player_462,Midfielder,Nation_462,10
463,Player_463,Defender,Nation_463,43
464,Player_464,Midfielder,Nation_464,20
465,Player_465,Forward,Nation_465,7
466,Player_466,Defender,Nation_466,36
467,Player_467,Goalkeeper,Nation_467,36
468,Player_468,Defender,Nation_468,4
469,Player_469,Goalkeeper,Nation_469,14
470,Player_470,Goalkeeper,Nation_470,23
471,Player_471,Midfielder,Nation_471,21
472,Player_472,Defender,Nation_472,24
473,Player_473,Goalkeeper,Nation_473,37
474,Player_474,Forward,Nation_474,22
475,Player_475,Defender,Nation_475,29
476,Player_476,Goalkeeper,Nation_476,10
477,Player_477,Goalkeeper,Nation_477,46
478,Player_478,Forward,Nation_478,23
479,Player_479,Goalkeeper,Nation_479,48
480,Player_480,Defender,Nation_480,50
481,Player_481,Midfielder,Nation_481,7
482,Player_482,Forward,Nation_482,1
483,Player_483,Defender,Nation_483,32
484,Player_484,Defender,Nation_484,7
485,Player_485,Defender,Nation_485,48
486,Player_486,Midfielder,Nation_486,44
487,Player_487,Forward,Nation_487,21
488,Player_488,Defender,Nation_488,15
489,Player_489,Goalkeeper,Nation_489,36
490,Player_490,Goalkeeper,Nation_490,5
491,Player_491,Goalkeeper,Nation_491,15
492,Player_492,Forward,Nation_492,8
493,Player_493,Forward,Nation_493,8
494,Player_494,Goalkeeper,Nation_494,5
495,Player_495,Midfielder,Nation_495,16
496,Player_496,Forward,Nation_496,47
497,Player_497,Goalkeeper,Nation_497,15
498,Player_498,Defender,Nation_498,23
499,Player_499,Forward,Nation_499,8
500,Player_500,Goalkeeper,Nation_500,22
501,Player_501,Forward,Nation_501,10
502,Player_502,Midfielder,Nation_502,23
503,Player_503,Goalkeeper,Nation_503,32
504,Player_504,Midfielder,Nation_504,27
505,Player_505,Goalkeeper,Nation_505,6
506,Player_506,Forward,Nation_506,46
507,Player_507,Goalkeeper,Nation_507,23
508,Player_508,Forward,Nation_508,32
509,Player_509,Goalkeeper,Nation_509,21
510,Player_510,Midfielder,Nation_510,19
511,Player_511,Goalkeeper,Nation_511,35
512,Player_512,Midfielder,Nation_512,2
513,Player_513,Goalkeeper,Nation_513,38
514,Player_514,Forward,Nation_514,33
515,Player_515,Midfielder,Nation_515,31
516,Player_516,Midfielder,Nation_516,38
517,Player_517,Forward,Nation_517,17
518,Player_518,Goalkeeper,Nation_518,27
519,Player_519,Midfielder,Nation_519,31
520,Player_520,Defender,Nation_520,10
521,Player_521,Goalkeeper,Nation_521,5
522,Player_522,Defender,Nation_522,21
523,Player_523,Forward,Nation_523,29
524,Player_524,Forward,Nation_524,36
525,Player_525,Goalkeeper,Nation_525,23
526,Player_526,Goalkeeper,Nation_526,31
527,Player_527,Defender,Nation_527,40
528,Player_528,Forward,Nation_528,41
529,Player_529,Forward,Nation_529,18
530,Player_530,Forward,Nation_530,11
531,Player_531,Goalkeeper,Nation_531,17
532,Player_532,Goalkeeper,Nation_532,50
533,Player_533,Midfielder,Nation_533,36
534,Player_534,Goalkeeper,Nation_534,19
535,Player_535,Defender,Nation_535,3
536,Player_536,Goalkeeper,Nation_536,2
537,Player_537,Goalkeeper,Nation_537,27
538,Player_538,Goalkeeper,Nation_538,31
539,Player_539,Goalkeeper,Nation_539,20
540,Player_540,Forward,Nation_540,4
541,Player_541,Defender,Nation_541,43
542,Player_542,Midfielder,Nation_542,19
543,Player_543,Midfielder,Nation_543,7
544,Player_544,Midfielder,Nation_544,50
545,Player_545,Forward,Nation_545,23
546,Player_546,Goalkeeper,Nation_546,29
547,Player_547,Midfielder,Nation_547,14
548,Player_548,Defender,Nation_548,23
549,Player_549,Goalkeeper,Nation_549,46
550,Player_550,Defender,Nation_550,35
551,Player_551,Midfielder,Nation_551,19
552,Player_552,Forward,Nation_552,18
553,Player_553,Goalkeeper,Nation_553,2
554,Player_554,Goalkeeper,Nation_554,27
555,Player_555,Midfielder,Nation_555,14
556,Player_556,Defender,Nation_556,32
557,Player_557,Midfielder,Nation_557,1
558,Player_558,Midfielder,Nation_558,35
559,Player_559,Midfielder,Nation_559,9
560,Player_560,Midfielder,Nation_560,3
561,Player_561,Forward,Nation_561,32
562,Player_562,Goalkeeper,Nation_562,39
563,Player_563,Defender,Nation_563,17
564,Player_564,Midfielder,Nation_564,30
565,Player_565,Midfielder,Nation_565,39
566,Player_566,Forward,Nation_566,21
567,Player_567,Defender,Nation_567,28
568,Player_568,Goalkeeper,Nation_568,27
569,Player_569,Goalkeeper,Nation_569,32
570,Player_570,Forward,Nation_570,36
571,Player_571,Goalkeeper,Nation_571,9
572,Player_572,Midfielder,Nation_572,30
573,Player_573,Forward,Nation_573,1
574,Player_574,Goalkeeper,Nation_574,12
575,Player_575,Midfielder,Nation_575,33
576,Player_576,Forward,Nation_576,14
577,Player_577,Midfielder,Nation_577,42
578,Player_578,Defender,Nation_578,11
579,Player_579,Midfielder,Nation_579,48
580,Player_580,Goalkeeper,Nation_580,49
581,Player_581,Forward,Nation_581,37
582,Player_582,Forward,Nation_582,41
583,Player_583,Goalkeeper,Nation_583,29
584,Player_584,Midfielder,Nation_584,7
585,Player_585,Defender,Nation_585,43
586,Player_586,Defender,Nation_586,33
587,Player_587,Goalkeeper,Nation_587,17
588,Player_588,Goalkeeper,Nation_588,17
589,Player_589,Goalkeeper,Nation_589,8
590,Player_590,Midfielder,Nation_590,19
591,Player_591,Forward,Nation_591,41
592,Player_592,Midfielder,Nation_592,18
593,Player_593,Defender,Nation_593,7
594,Player_594,Forward,Nation_594,1
595,Player_595,Midfielder,Nation_595,12
596,Player_596,Goalkeeper,Nation_596,27
597,Player_597,Goalkeeper,Nation_597,49
598,Player_598,Goalkeeper,Nation_598,22
599,Player_599,Defender,Nation_599,35
600,Player_600,Midfielder,Nation_600,6
601,Player_601,Goalkeeper,Nation_601,41
602,Player_602,Midfielder,Nation_602,2
603,Player_603,Defender,Nation_603,3
604,Player_604,Forward,Nation_604,42
605,Player_605,Goalkeeper,Nation_605,16
606,Player_606,Midfielder,Nation_606,19
607,Player_607,Midfielder,Nation_607,3
608,Player_608,Defender,Nation_608,23
609,Player_609,Goalkeeper,Nation_609,21
610,Player_610,Defender,Nation_610,16
611,Player_611,Goalkeeper,Nation_611,29
612,Player_612,Forward,Nation_612,34
613,Player_613,Goalkeeper,Nation_613,24
614,Player_614,Midfielder,Nation_614,40
615,Player_615,Forward,Nation_615,14
616,Player_616,Forward,Nation_616,41
617,Player_617,Forward,Nation_617,31
618,Player_618,Forward,Nation_618,20
619,Player_619,Forward,Nation_619,38
620,Player_620,Forward,Nation_620,40
621,Player_621,Goalkeeper,Nation_621,3
622,Player_622,Goalkeeper,Nation_622,47
623,Player_623,Defender,Nation_623,29
624,Player_624,Forward,Nation_624,7
625,Player_625,Forward,Nation_625,29
626,Player_626,Defender,Nation_626,10
627,Player_627,Goalkeeper,Nation_627,42
628,Player_628,Midfielder,Nation_628,27
629,Player_629,Forward,Nation_629,37
630,Player_630,Defender,Nation_630,29
631,Player_631,Defender,Nation_631,42
632,Player_632,Midfielder,Nation_632,22
633,Player_633,Defender,Nation_633,23
634,Player_634,Goalkeeper,Nation_634,46
635,Player_635,Forward,Nation_635,33
636,Player_636,Defender,Nation_636,49
637,Player_637,Midfielder,Nation_637,40
638,Player_638,Forward,Nation_638,20
639,Player_639,Midfielder,Nation_639,48
640,Player_640,Midfielder,Nation_640,36
641,Player_641,Forward,Nation_641,27
642,Player_642,Defender,Nation_642,29
643,Player_643,Midfielder,Nation_643,31
644,Player_644,Defender,Nation_644,35
645,Player_645,Goalkeeper,Nation_645,40
646,Player_646,Midfielder,Nation_646,16
647,Player_647,Forward,Nation_647,26
648,Player_648,Defender,Nation_648,40
649,Player_649,Midfielder,Nation_649,3
650,Player_650,Forward,Nation_650,37
651,Player_651,Forward,Nation_651,46
652,Player_652,Goalkeeper,Nation_652,25
653,Player_653,Defender,Nation_653,21
654,Player_654,Defender,Nation_654,30
655,Player_655,Forward,Nation_655,14
656,Player_656,Midfielder,Nation_656,46
657,Player_657,Goalkeeper,Nation_657,39
658,Player_658,Goalkeeper,Nation_658,29
659,Player_659,Goalkeeper,Nation_659,12
660,Player_660,Midfielder,Nation_660,17
661,Player_661,Forward,Nation_661,32
662,Player_662,Defender,Nation_662,12
663,Player_663,Defender,Nation_663,5
664,Player_664,Midfielder,Nation_664,47
665,Player_665,Defender,Nation_665,24
666,Player_666,Forward,Nation_666,43
667,Player_667,Midfielder,Nation_667,47
668,Player_668,Defender,Nation_668,50
669,Player_669,Defender,Nation_669,5
670,Player_670,Midfielder,Nation_670,17
671,Player_671,Defender,Nation_671,33
672,Player_672,Forward,Nation_672,50
673,Player_673,Forward,Nation_673,20
674,Player_674,Defender,Nation_674,6
675,Player_675,Forward,Nation_675,13
676,Player_676,Midfielder,Nation_676,1
677,Player_677,Forward,Nation_677,4
678,Player_678,Forward,Nation_678,14
679,Player_679,Defender,Nation_679,9
680,Player_680,Forward,Nation_680,36
681,Player_681,Defender,Nation_681,34
682,Player_682,Forward,Nation_682,32
683,Player_683,Goalkeeper,Nation_683,28
684,Player_684,Defender,Nation_684,14
685,Player_685,Defender,Nation_685,45
686,Player_686,Goalkeeper,Nation_686,13
687,Player_687,Defender,Nation_687,37
688,Player_688,Goalkeeper,Nation_688,21
689,Player_689,Defender,Nation_689,28
690,Player_690,Forward,Nation_690,37
691,Player_691,Goalkeeper,Nation_691,36
692,Player_692,Goalkeeper,Nation_692,20
693,Player_693,Defender,Nation_693,36
694,Player_694,Midfielder,Nation_694,8
695,Player_695,Midfielder,Nation_695,31
696,Player_696,Forward,Nation_696,22
697,Player_697,Goalkeeper,Nation_697,17
698,Player_698,Goalkeeper,Nation_698,3
699,Player_699,Forward,Nation_699,2
700,Player_700,Goalkeeper,Nation_700,17
701,Player_701,Defender,Nation_701,22
702,Player_702,Defender,Nation_702,45
703,Player_703,Defender,Nation_703,11
704,Player_704,Defender,Nation_704,32
705,Player_705,Forward,Nation_705,41
706,Player_706,Forward,Nation_706,21
707,Player_707,Defender,Nation_707,48
708,Player_708,Forward,Nation_708,25
709,Player_709,Midfielder,Nation_709,24
710,Player_710,Midfielder,Nation_710,31
711,Player_711,Goalkeeper,Nation_711,47
712,Player_712,Goalkeeper,Nation_712,43
713,Player_713,Midfielder,Nation_713,16
714,Player_714,Defender,Nation_714,37
715,Player_715,Defender,Nation_715,28
716,Player_716,Defender,Nation_716,32
717,Player_717,Midfielder,Nation_717,38
718,Player_718,Defender,Nation_718,4
719,Player_719,Forward,Nation_719,24
720,Player_720,Midfielder,Nation_720,33
721,Player_721,Midfielder,Nation_721,32
722,Player_722,Defender,Nation_722,36
723,Player_723,Midfielder,Nation_723,8
724,Player_724,Midfielder,Nation_724,15
725,Player_725,Forward,Nation_725,11
726,Player_726,Defender,Nation_726,2
727,Player_727,Forward,Nation_727,46
728,Player_728,Goalkeeper,Nation_728,42
729,Player_729,Forward,Nation_729,7
730,Player_730,Midfielder,Nation_730,17
731,Player_731,Defender,Nation_731,7
732,Player_732,Defender,Nation_732,1
733,Player_733,Midfielder,Nation_733,45
734,Player_734,Goalkeeper,Nation_734,45
735,Player_735,Defender,Nation_735,36
736,Player_736,Goalkeeper,Nation_736,3
737,Player_737,Forward,Nation_737,45
738,Player_738,Defender,Nation_738,8
739,Player_739,Forward,Nation_739,37
740,Player_740,Defender,Nation_740,2
741,Player_741,Midfielder,Nation_741,20
742,Player_742,Midfielder,Nation_742,14
743,Player_743,Forward,Nation_743,40
744,Player_744,Goalkeeper,Nation_744,11
745,Player_745,Midfielder,Nation_745,47
746,Player_746,Defender,Nation_746,14
747,Player_747,Forward,Nation_747,4
748,Player_748,Goalkeeper,Nation_748,1
749,Player_749,Defender,Nation_749,8
750,Player_750,Midfielder,Nation_750,38
751,Player_751,Forward,Nation_751,39
752,Player_752,Forward,Nation_752,45
753,Player_753,Goalkeeper,Nation_753,4
754,Player_754,Defender,Nation_754,44
755,Player_755,Forward,Nation_755,10
756,Player_756,Forward,Nation_756,4
757,Player_757,Forward,Nation_757,25
758,Player_758,Goalkeeper,Nation_758,49
759,Player_759,Goalkeeper,Nation_759,28
760,Player_760,Goalkeeper,Nation_760,27
761,Player_761,Forward,Nation_761,46
762,Player_762,Goalkeeper,Nation_762,9
763,Player_763,Midfielder,Nation_763,50
764,Player_764,Midfielder,Nation_764,5
765,Player_765,Defender,Nation_765,37
766,Player_766,Midfielder,Nation_766,19
767,Player_767,Midfielder,Nation_767,50
768,Player_768,Goalkeeper,Nation_768,45
769,Player_769,Forward,Nation_769,16
770,Player_770,Forward,Nation_770,49
771,Player_771,Forward,Nation_771,46
772,Player_772,Midfielder,Nation_772,20
773,Player_773,Defender,Nation_773,8
774,Player_774,Forward,Nation_774,2
775,Player_775,Defender,Nation_775,29
776,Player_776,Goalkeeper,Nation_776,17
777,Player_777,Goalkeeper,Nation_777,26
778,Player_778,Defender,Nation_778,32
779,Player_779,Forward,Nation_779,32
780,Player_780,Goalkeeper,Nation_780,50
781,Player_781,Defender,Nation_781,28
782,Player_782,Forward,Nation_782,33
783,Player_783,Defender,Nation_783,27
784,Player_784,Forward,Nation_784,24
785,Player_785,Forward,Nation_785,41
786,Player_786,Forward,Nation_786,16
787,Player_787,Goalkeeper,Nation_787,50
788,Player_788,Goalkeeper,Nation_788,48
789,Player_789,Defender,Nation_789,3
790,Player_790,Defender,Nation_790,1
791,Player_791,Goalkeeper,Nation_791,4
792,Player_792,Forward,Nation_792,30
793,Player_793,Forward,Nation_793,48
794,Player_794,Goalkeeper,Nation_794,39
795,Player_795,Forward,Nation_795,40
796,Player_796,Defender,Nation_796,37
797,Player_797,Forward,Nation_797,33
798,Player_798,Goalkeeper,Nation_798,30
799,Player_799,Midfielder,Nation_799,18
800,Player_800,Forward,Nation_800,1
801,Player_801,Forward,Nation_801,24
802,Player_802,Goalkeeper,Nation_802,24
803,Player_803,Midfielder,Nation_803,11
804,Player_804,Midfielder,Nation_804,36
805,Player_805,Defender,Nation_805,26
806,Player_806,Goalkeeper,Nation_806,12
807,Player_807,Forward,Nation_807,7
808,Player_808,Midfielder,Nation_808,5
809,Player_809,Defender,Nation_809,15
810,Player_810,Forward,Nation_810,47
811,Player_811,Forward,Nation_811,26
812,Player_812,Midfielder,Nation_812,30
813,Player_813,Midfielder,Nation_813,8
814,Player_814,Defender,Nation_814,19
815,Player_815,Forward,Nation_815,24
816,Player_816,Defender,Nation_816,4
817,Player_817,Midfielder,Nation_817,38
818,Player_818,Midfielder,Nation_818,43
819,Player_819,Midfielder,Nation_819,46
820,Player_820,Forward,Nation_820,4
821,Player_821,Defender,Nation_821,43
822,Player_822,Midfielder,Nation_822,39
823,Player_823,Defender,Nation_823,4
824,Player_824,Defender,Nation_824,31
825,Player_825,Defender,Nation_825,49
826,Player_826,Defender,Nation_826,40
827,Player_827,Goalkeeper,Nation_827,30
828,Player_828,Defender,Nation_828,45
829,Player_829,Forward,Nation_829,8
830,Player_830,Defender,Nation_830,14
831,Player_831,Midfielder,Nation_831,36
832,Player_832,Defender,Nation_832,42
833,Player_833,Forward,Nation_833,26
834,Player_834,Midfielder,Nation_834,2
835,Player_835,Defender,Nation_835,38
836,Player_836,Goalkeeper,Nation_836,20
837,Player_837,Midfielder,Nation_837,11
838,Player_838,Forward,Nation_838,39
839,Player_839,Defender,Nation_839,3
840,Player_840,Defender,Nation_840,25
841,Player_841,Goalkeeper,Nation_841,38
842,Player_842,Midfielder,Nation_842,18
843,Player_843,Defender,Nation_843,42
844,Player_844,Defender,Nation_844,32
845,Player_845,Forward,Nation_845,22
846,Player_846,Goalkeeper,Nation_846,10
847,Player_847,Midfielder,Nation_847,45
848,Player_848,Goalkeeper,Nation_848,1
849,Player_849,Forward,Nation_849,7
850,Player_850,Forward,Nation_850,36
851,Player_851,Midfielder,Nation_851,37
852,Player_852,Goalkeeper,Nation_852,27
853,Player_853,Defender,Nation_853,34
854,Player_854,Forward,Nation_854,24
855,Player_855,Midfielder,Nation_855,23
856,Player_856,Midfielder,Nation_856,49
857,Player_857,Forward,Nation_857,39
858,Player_858,Goalkeeper,Nation_858,14
859,Player_859,Forward,Nation_859,4
860,Player_860,Goalkeeper,Nation_860,31
861,Player_861,Goalkeeper,Nation_861,50
862,Player_862,Forward,Nation_862,15
863,Player_863,Midfielder,Nation_863,12
864,Player_864,Goalkeeper,Nation_864,16
865,Player_865,Goalkeeper,Nation_865,16
866,Player_866,Forward,Nation_866,5
867,Player_867,Defender,Nation_867,1
868,Player_868,Defender,Nation_868,18
869,Player_869,Forward,Nation_869,20
870,Player_870,Midfielder,Nation_870,22
871,Player_871,Midfielder,Nation_871,37
872,Player_872,Defender,Nation_872,14
873,Player_873,Forward,Nation_873,48
874,Player_874,Forward,Nation_874,10
875,Player_875,Midfielder,Nation_875,26
876,Player_876,Midfielder,Nation_876,18
877,Player_877,Defender,Nation_877,48
878,Player_878,Forward,Nation_878,5
879,Player_879,Defender,Nation_879,50
880,Player_880,Midfielder,Nation_880,15
881,Player_881,Forward,Nation_881,10
882,Player_882,Goalkeeper,Nation_882,50
883,Player_883,Goalkeeper,Nation_883,27
884,Player_884,Defender,Nation_884,24
885,Player_885,Goalkeeper,Nation_885,1
886,Player_886,Defender,Nation_886,6
887,Player_887,Defender,Nation_887,45
888,Player_888,Midfielder,Nation_888,39
889,Player_889,Forward,Nation_889,14
890,Player_890,Midfielder,Nation_890,2
891,Player_891,Defender,Nation_891,29
892,Player_892,Defender,Nation_892,2
893,Player_893,Goalkeeper,Nation_893,40
894,Player_894,Defender,Nation_894,9
895,Player_895,Forward,Nation_895,5
896,Player_896,Forward,Nation_896,6
897,Player_897,Forward,Nation_897,40
898,Player_898,Midfielder,Nation_898,18
899,Player_899,Defender,Nation_899,42
900,Player_900,Midfielder,Nation_900,48
901,Player_901,Midfielder,Nation_901,23
902,Player_902,Defender,Nation_902,34
903,Player_903,Midfielder,Nation_903,39
904,Player_904,Midfielder,Nation_904,18
905,Player_905,Midfielder,Nation_905,25
906,Player_906,Midfielder,Nation_906,33
907,Player_907,Midfielder,Nation_907,36
908,Player_908,Midfielder,Nation_908,28
909,Player_909,Midfielder,Nation_909,8
910,Player_910,Forward,Nation_910,28
911,Player_911,Forward,Nation_911,24
912,Player_912,Forward,Nation_912,11
913,Player_913,Goalkeeper,Nation_913,19
914,Player_914,Forward,Nation_914,16
915,Player_915,Midfielder,Nation_915,43
916,Player_916,Forward,Nation_916,39
917,Player_917,Forward,Nation_917,10
918,Player_918,Goalkeeper,Nation_918,10
919,Player_919,Defender,Nation_919,45
920,Player_920,Midfielder,Nation_920,31
921,Player_921,Forward,Nation_921,29
922,Player_922,Goalkeeper,Nation_922,18
923,Player_923,Defender,Nation_923,21
924,Player_924,Forward,Nation_924,39
925,Player_925,Forward,Nation_925,30
926,Player_926,Defender,Nation_926,45
927,Player_927,Defender,Nation_927,49
928,Player_928,Goalkeeper,Nation_928,11
929,Player_929,Goalkeeper,Nation_929,8
930,Player_930,Midfielder,Nation_930,48
931,Player_931,Midfielder,Nation_931,15
932,Player_932,Goalkeeper,Nation_932,2
933,Player_933,Forward,Nation_933,17
934,Player_934,Midfielder,Nation_934,29
935,Player_935,Midfielder,Nation_935,45
936,Player_936,Defender,Nation_936,48
937,Player_937,Defender,Nation_937,7
938,Player_938,Defender,Nation_938,29
939,Player_939,Forward,Nation_939,37
940,Player_940,Defender,Nation_940,12
941,Player_941,Midfielder,Nation_941,36
942,Player_942,Goalkeeper,Nation_942,4
943,Player_943,Midfielder,Nation_943,29
944,Player_944,Forward,Nation_944,10
945,Player_945,Forward,Nation_945,11
946,Player_946,Goalkeeper,Nation_946,37
947,Player_947,Goalkeeper,Nation_947,35
948,Player_948,Forward,Nation_948,10
949,Player_949,Goalkeeper,Nation_949,23
950,Player_950,Goalkeeper,Nation_950,26
951,Player_951,Defender,Nation_951,25
952,Player_952,Goalkeeper,Nation_952,25
953,Player_953,Midfielder,Nation_953,34
954,Player_954,Forward,Nation_954,22
955,Player_955,Forward,Nation_955,45
956,Player_956,Midfielder,Nation_956,18
957,Player_957,Goalkeeper,Nation_957,16
958,Player_958,Defender,Nation_958,49
959,Player_959,Defender,Nation_959,39
960,Player_960,Goalkeeper,Nation_960,45
961,Player_961,Defender,Nation_961,50
962,Player_962,Midfielder,Nation_962,20
963,Player_963,Defender,Nation_963,11
964,Player_964,Midfielder,Nation_964,47
965,Player_965,Midfielder,Nation_965,50
966,Player_966,Midfielder,Nation_966,15
967,Player_967,Defender,Nation_967,48
968,Player_968,Goalkeeper,Nation_968,36
969,Player_969,Forward,Nation_969,29
970,Player_970,Defender,Nation_970,43
971,Player_971,Midfielder,Nation_971,42
972,Player_972,Defender,Nation_972,46
973,Player_973,Goalkeeper,Nation_973,50
974,Player_974,Midfielder,Nation_974,9
975,Player_975,Goalkeeper,Nation_975,25
976,Player_976,Goalkeeper,Nation_976,22
977,Player_977,Defender,Nation_977,41
978,Player_978,Goalkeeper,Nation_978,44
979,Player_979,Midfielder,Nation_979,29
980,Player_980,Midfielder,Nation_980,7
981,Player_981,Forward,Nation_981,3
982,Player_982,Midfielder,Nation_982,36
983,Player_983,Goalkeeper,Nation_983,11
984,Player_984,Midfielder,Nation_984,8
985,Player_985,Midfielder,Nation_985,25
986,Player_986,Forward,Nation_986,5
987,Player_987,Goalkeeper,Nation_987,15
988,Player_988,Forward,Nation_988,12
989,Player_989,Forward,Nation_989,5
990,Player_990,Goalkeeper,Nation_990,12
991,Player_991,Defender,Nation_991,4
992,Player_992,Goalkeeper,Nation_992,28
993,Player_993,Forward,Nation_993,28
994,Player_994,Midfielder,Nation_994,1
995,Player_995,Forward,Nation_995,45
996,Player_996,Forward,Nation_996,48
997,Player_997,Goalkeeper,Nation_997,2
998,Player_998,Goalkeeper,Nation_998,14
999,Player_999,Goalkeeper,Nation_999,42
1000,Player_1000,Midfielder,Nation_1000,6
